Action,
Adventure,
Fantasy,
Science Fiction,
Romance,
Thriller,
Horror,
Mystery,
Drama,
Comedy,
Historical Fiction,
Slice of Life,
Dystopian,
Supernatural,
Paranormal,
Young Adult,
Children's Fiction,
Classic Literature,
Contemporary Fiction,
Magical Realism,
Cyberpunk,
Post-Apocalyptic,
Western,
Urban Fantasy,
Military Fiction,
Crime,
Family Saga,
Sports Fiction,
Fanfiction,
Graphic Novels,
Comic Book,
Literary Fiction,
Romantic Comedy,
Adventure Romance,
Dark Romance,
Romantic Suspense,
New Adult,
Steampunk,
Alternate History,
Epic Fantasy,
High Fantasy,
Low Fantasy,
Space Opera,
Time Travel,
Fairy Tale Retelling,
Coming of Age,
Emotionally Intense,
Social Commentary,
Psychological Thriller,
Gothic Fiction,
Political Thriller,
Magical Adventure,
Action Comedy,
Cozy Mystery,
Whodunit,
Sitcom,
Character Study,
Satire,
Meta Fiction,
Non-Fiction,
Self-Help,
Biography,
Memoir,
Travel Writing,
Cookbook,
True Crime,
Historical Romance,
Interactive Fiction,
LGBTQ+ Fiction,
Anthology,
Short Stories,
Poetry,
Historical Mystery,
Young Adult Fantasy,
Apocalyptic Romance,
Adventure Comedy,
Romantic Drama,
Slice of Life Comedy,
Chick Lit,
Dark Fantasy,
Technothriller,
Kitchen Sink Drama,
New Weird,
Bestseller,
Experimental Fiction,
Flash Fiction,
Romantic Fantasy,
Cyber Fiction,
Corporate Thriller,
Superhero Fiction,
Conspiracy Fiction,
Sword and Sorcery,
Bizarro Fiction,
Eco Fiction,
Historical Fantasy,
Space Western,
Soft Science Fiction,
Hard Science Fiction,
Speculative Fiction,
Influencer Fiction,
Retro Fiction,
Romantic Mystery,
Religious Fiction,
Philosophical Fiction,
Memoir Essay,
Children's Adventure,
Magical Adventure,
Bounty Hunter Fiction,
Dark Comedy,
Teen Drama,
Erotica,
Flash Horror,
Cozy Fantasy,
School Drama,
Fairy Tale Mystery,
Video Game Fiction,
Gamer Fiction,
Supernatural Romance,
Historical Thriller,
Magic School,
Dramedy,
Political Fiction,
Country Life Fiction,
City Fiction,
Coming-of-Age Romance,
Victorian Fiction,
Academic Fiction,
World War Fiction,
Fantasy Adventure,
Dramatic Mystery,
Space Exploration Fiction,
Immortal Romance,
Rural Fiction,
Intergalactic Fiction,
Rags to Riches,
Training Fiction,
Hopepunk,
Grimdark,
Feminist Fiction,
Historical Adventure,
Supernatural Thriller,
African American Fiction,
Indigenous Fiction,
Audiobook,
Self-Contained Stories