Alternate Universe (AU),  
Canon Divergence,  
Genderbent,  
Fluff,  
Humor,  
Hurt/Comfort,  
Romance,  
Friendship,  
Adventure,  
Action,  
Supernatural,  
Fantasy,  
Sci-Fi,  
Angst,  
Crossover,  
Original Character (OC),  
First Time,  
Established Relationship,  
Slow Burn,  
Love Triangle,  
Soulmates,  
Time Travel,  
Non-linear Narrative,  
Dark Themes,  
Pining,  
Unrequited Love,  
Fix-It,  
Crack,  
Betrayal,  
Redemption,  
Family,  
Identity Issues,  
Major Character Death (MCD),  
Minor Character Death,  
Character Development,  
In-Character,  
Out of Character (OOC),  
Dystopian,  
Slice of Life,  
Whump,  
Body Horror,  
Superpowers,  
Magical Realism,  
School Setting,  
Road Trip,  
Holiday,  
Growing Up,  
Parent-Child Relationship,  
Love at First Sight,  
Enemies to Lovers,  
Friends to Lovers,  
Historical,  
Paranormal,  
Sports,  
Mild Suggestion,  
High School Drama,  
Workplace Romance,  
Reunion,  
Rivalry,  
Secret Relationship,  
Forbidden Love,  
Interpersonal Relationships,  
Strangers to Lovers,  
Future Setting,  
Past Setting,  
Language Learning,  
Food,  
Pets/Animals,  
Gender Identity,  
Disability,  
Body Positivity,  
LGBTQ+ Themes,  
Trans Character,  
Mental Health,  
Substance Use,  
Survival,  
Travel,  
Mystery,  
Witness Protection,  
Apartment Life,  
Support Groups,  
Found Family,  
Technology,  
Assassination,  
Heist,  
Crime,  
War,  
Redemption Arc,  
Reincarnation,  
Morally Ambiguous Characters,  
Amnesia,  
Body Swap,  
Superhero,  
Parenting,  
Self-Discovery,  
Online Relationships,  
Forced Proximity,  
Political Intrigue,  
Age Difference,  
Arranged Marriage,  
Forgotten Traditions,  
Epic Quest,  
Unlikely Allies,  
Time Loop,  
Survival Horror,  
Virtual Reality,  
Narrated Perspective,  
Multiple POV,  
Alternate History,  
Chosen One,  
Magical Creatures,  
Amusement Park,  
Cyberpunk,  
Ghosts,  
Demons,  
Angels,  
Royalty,  
Villain Redemption,  
Miscommunication,  
Rituals,  
Ghost Hunting,  
Nature Themes,  
Unusual Jobs,  
Tattooing,  
Conspiracy,  
Urban Fantasy,  
Mythology,  
First Love,  
Mean Girl,  
Opposites Attract,  
Co-workers,  
Neighborly Love,  
Object of Obsession,  
Fake Dating,  
Family Drama,  
Fairytale Retelling,  
Cults,  
Supernatural Creatures,  
Conventions,  
Apocalypse,  
Fighting,  
Style Change,  
Tragedy,  
Ghosting,  
Collage,  
Betrayal of Trust,  
Gender Fluidity,  
Rebellion,  
Hostage Situations,  
Navigating Grief,  
Family Traditions,  
Strong Female Lead,  
Competitive Sports,  
Classroom Antics,  
Exes Reunited,  
Long-Distance Relationship,  
Idiots to Lovers,  
Deferred Dreams,  
Legacy,  
Home Sweet Home,  
Write what you know,  
Memorable Quotes,  
Undercover Operations,  
Secret Society,  
Unique Careers,  
Sibling Rivalry,  
Second Chances,  
Cringe Comedy,  
Ninth Life,  
Instant Coffee,  
Bravery,  
Magical Worlds,  
Invisibility,  
Personal Growth,  
Misfit Group,  
Thrillers,  
Daring Escapes,  
Doing the Right Thing,  
Choosing Sides,  
Bitter Sweet,  
Forgiveness,  
Sliding Doors,  
Coastal Adventures,  
Outdated Beliefs,  
Confrontation,  
The Struggle Within,  
Conformity,  
Hidden Agendas,  
Past Life Connections,  
Heroâ€™s Journey,  
Buried Secrets,  
Daring Adventures,  
Social Experiment,  
Grounded Narratives,  
Quiet Moments,  
All Roads Lead to Home,  
Thieves,  
Abandonment,  
Surprise Encounters,  
Unlikely Friendships,  
Discovery of Self,  
Nature vs. Nurture,  
Exploration,  
Puzzle Solving,  
Breaking Free,  
Social Structures,  
Close Quarters,  
Role Reversal,  
Unequal Power Dynamics,  
Irresistible Forces,  
Tangled Paths,  
Attention to Detail,  
Overcoming Obstacles,  
Public Affairs,  
Unexpected Alliances,  
One Last Chance,  
The Unexpected,  
Marriages of Convenience,  
Conflict Resolution,  
Generational Trauma,  
Perspectives on Love,  
Historical Figures,  
Resilient Characters,  
Life Lessons,  
Whirlwind Romances,  
The Great Escape,  
Controversial Choices,  
Inappropriate Behavior,  
Complicated Relationships,  
Self-Sacrifice,  
Faith and Belief,  
Groundbreaking,  
Sacrifice,  
Routine Life,  
Isolation,  
Stumbling Block,  
Confronting Fears,  
Swapping Roles,  
Fighting for Love,  
Sidelines,  
Personal Redemption,  
New Beginnings,  
Recklessness,  
Defined Limits,  
Revisionist History,  
Retro Dating,  
Time for Change,  
Evolving Personalities,  
Mismatched Pairs,  
Love Revisited,  
The Other Side,  
Whispers in the Dark,  
Secure Romance,  
Your Move,  
Uncharted Territory,  
Return to Basics,  
Storytelling,  
Overcoming Insecurity,  
Living with Regret,  
Unrecognized Talent,  
Finding Balance,  
Difficult Decisions,  
Forgotten Memories,  
The Unforgivable,  
Identity Crisis,  
Formidable Opponents,  
Unexpected Challenges,  
The Line Between,  
Calculated Risks,  
Coming to Terms,  
Once Upon a Time,  
Anomalies,  
Secret Handshakes,  
Lonely Hearts, 